{
    "accuracy": 0.5526315789473685,
    "precision": 0.4052631578947368,
    "recall": 0.5526315789473685,
    "f1_score": 0.4605263157894737,
    "confusion_matrix": [
        [
            7,
            0,
            6
        ],
        [
            5,
            0,
            5
        ],
        [
            1,
            0,
            14
        ]
    ]
}